-- 스크립트 실행하면 됨
-- 주의: 반드시 DELIVERY_TEST 계정에서 실행할 것

/* ---------------------------- 테이블 생성 ------------------------------ */
-- 유저 테이블
CREATE TABLE USER_CODE(
	U_CODE NUMBER(1) CONSTRAINT UC_UCODE_PK PRIMARY KEY,
	U_CNAME VARCHAR2(30) CONSTRAINT UC_CNAME_UNQNN UNIQUE NOT NULL
);

CREATE TABLE USER_INFO(
	U_ID VARCHAR2(20) CONSTRAINT UI_UID_PK PRIMARY KEY,
	U_PW VARCHAR2(1000) CONSTRAINT UI_PW_NN NOT NULL,
	U_RNAME VARCHAR2(12) CONSTRAINT UI_RNAME_NN NOT NULL,
	U_PHONE VARCHAR2(11) CONSTRAINT UI_PN_UNQNN UNIQUE NOT NULL,
	U_NNAME VARCHAR2(30),
	U_CODE NUMBER(1) CONSTRAINT UI_CODE_FKNN NOT NULL REFERENCES USER_CODE(U_CODE),
	U_REGDATE DATE DEFAULT SYSDATE,
	U_IMG VARCHAR2(1000)
);

CREATE TABLE USER_ADDR(
	U_ID VARCHAR2(20) CONSTRAINT UA_UID_FK REFERENCES USER_INFO(U_ID),
	U_ATAG VARCHAR2(30),
	U_ADDR VARCHAR2(1000) CONSTRAINT UA_ADDR_NN NOT NULL,
	U_DTAD VARCHAR2(1000) CONSTRAINT UA_DTAD_NN NOT NULL,
	CONSTRAINT UA_UID_ATAG_PK PRIMARY KEY(U_ID, U_ATAG)
);

--CREATE TABLE USER_FAV(
--	U_ID VARCHAR2(20) CONSTRAINT UF_UID_FKNN NOT NULL REFERENCES USER_INFO(U_ID),
--	R_ID NUMBER CONSTRAINT UF_RID_FKNN NOT NULL REFERENCES REST_INFO(R_ID)
--);
-- R_ID 칼럼이 있는 REST_INFO 테이블이 아래에서 생성되기 때문에 나중에 테이블 생성



-- 가게 테이블
CREATE TABLE CAT_CODE(
	C_CODE NUMBER(2) CONSTRAINT CC_CCODE_PK PRIMARY KEY,
	C_CNAME VARCHAR2(30) CONSTRAINT CC_CCNAME_UNQNN UNIQUE NOT NULL
);

CREATE TABLE PAY_CODE(
	P_CODE NUMBER(2) CONSTRAINT PC_PCODE_PK PRIMARY KEY,
	P_CNAME VARCHAR2(30) CONSTRAINT PC_PCNAME_UNQNN UNIQUE NOT NULL
);

CREATE TABLE FRAN_CODE(
	F_CODE NUMBER CONSTRAINT FC_FCODE_PK PRIMARY KEY,
	F_CNAME VARCHAR2(30) CONSTRAINT FC_FCNAME_UNQNN UNIQUE NOT NULL
);

CREATE TABLE WEEK_CODE(
	W_CODE NUMBER(1) CONSTRAINT WC_WCODE_PK PRIMARY KEY,
	W_CNAME VARCHAR2(3) CONSTRAINT WC_WCNAME_UNQNN UNIQUE NOT NULL
);

CREATE TABLE REST_INFO(
	R_ID NUMBER,
	R_LICNUM VARCHAR2(10),
	U_ID VARCHAR2(20) CONSTRAINT RI_UID_FKNN NOT NULL REFERENCES USER_INFO(U_ID),
	R_LNAME VARCHAR2(100) CONSTRAINT RI_LNAME_UNQNN UNIQUE NOT NULL,
	R_ADDR VARCHAR2(1000) CONSTRAINT RI_ADDR_NN NOT NULL,
	R_DTAD VARCHAR2(1000) CONSTRAINT RT_DTAD_NN NOT NULL,
	R_BNAME VARCHAR2(100),
	R_TEL VARCHAR2(10) CONSTRAINT RI_TEL_UNQNN UNIQUE NOT NULL,
	F_CODE NUMBER CONSTRAINT RI_FCODE_FK REFERENCES FRAN_CODE(F_CODE),
	R_INTRO VARCHAR2(1000),
	R_MINPRICE NUMBER,
	R_IMG VARCHAR2(1000),
	CONSTRAINT RI_RID_LICNUM_PK PRIMARY KEY(R_ID, R_LICNUM),
	CONSTRAINT RI_RID_UNQ UNIQUE(R_ID)
);

CREATE TABLE REST_CAT(
	R_ID NUMBER CONSTRAINT RC_RID_FK REFERENCES REST_INFO(R_ID),
	C_CODE NUMBER(2) CONSTRAINT RC_CCODE_FK REFERENCES CAT_CODE(C_CODE),
	CONSTRAINT RC_RID_CCODE_PK PRIMARY KEY(R_ID, C_CODE)
);

CREATE TABLE REST_OPEN(
	R_ID NUMBER CONSTRAINT RO_RID_FKNN NOT NULL REFERENCES REST_INFO(R_ID),
	W_CODE NUMBER(1) CONSTRAINT RO_WCODE_FKNN NOT NULL REFERENCES WEEK_CODE(W_CODE),
	R_OPENT DATE,
	R_CLOSET DATE
);

CREATE TABLE USER_FAV(
	U_ID VARCHAR2(20) CONSTRAINT UF_UID_FKNN NOT NULL REFERENCES USER_INFO(U_ID),
	R_ID NUMBER CONSTRAINT UF_RID_FKNN NOT NULL REFERENCES REST_INFO(R_ID)
);

CREATE TABLE PAY_METHOD(
	P_CODE NUMBER(1) CONSTRAINT PM_PCODE_FK REFERENCES PAY_CODE(P_CODE),
	R_ID NUMBER CONSTRAINT PM_RID_FK REFERENCES REST_INFO(R_ID),
	CONSTRAINT PM_PCODE_RID_PK PRIMARY KEY(P_CODE, R_ID)
);



-- 메뉴 테이블
CREATE TABLE MENU_CODE(
	M_CODE NUMBER(1) CONSTRAINT MC_MCODE_PK PRIMARY KEY,
	M_CNAME VARCHAR2(30) CONSTRAINT MC_MCNAME_UNQNN UNIQUE NOT NULL
);

CREATE TABLE MENU_INFO(
	M_ID NUMBER CONSTRAINT MI_MID_PK PRIMARY KEY,
	R_ID NUMBER CONSTRAINT MI_RID_FKNN NOT NULL REFERENCES REST_INFO(R_ID),
	M_NAME VARCHAR2(100) CONSTRAINT MI_MNAME_NN NOT NULL,
	M_PRICE NUMBER CONSTRAINT MI_MPRICE_NN NOT NULL,
	M_CAT VARCHAR2(100),
	M_INTRO VARCHAR2(1000),
	M_CODE NUMBER(1) CONSTRAINT MI_MCODE_FKNN NOT NULL REFERENCES MENU_CODE(M_CODE),
	M_IMG VARCHAR2(1000)
);

CREATE TABLE MENU_ADD(
	A_ID NUMBER CONSTRAINT MO_OID_PK PRIMARY KEY,
	M_ID NUMBER CONSTRAINT MO_MID_FKNN NOT NULL REFERENCES MENU_INFO(M_ID),
	A_NAME VARCHAR2(100) CONSTRAINT MO_ONAME_NN NOT NULL,
	A_PRICE NUMBER CONSTRAINT MO_OPRICE_NN NOT NULL
);



-- 주문 테이블
CREATE TABLE TYPE_CODE(
	T_CODE NUMBER(1) CONSTRAINT TC_TCODE_PK PRIMARY KEY,
	T_CNAME VARCHAR2(30) CONSTRAINT TC_TCNAME_UNQNN UNIQUE NOT NULL
);

CREATE TABLE STAT_CODE(
	S_CODE NUMBER(1) CONSTRAINT SC_SCODE_PK PRIMARY KEY,
	S_CNAME VARCHAR2(30) CONSTRAINT SC_SCNAME_UNQNN UNIQUE NOT NULL
);

CREATE TABLE ORDER_INFO(
	O_NUM NUMBER CONSTRAINT OI_ONUM_PK PRIMARY KEY,
	R_ID NUMBER CONSTRAINT OI_RID_FKNN NOT NULL REFERENCES REST_INFO(R_ID),
	U_ID VARCHAR2(20) CONSTRAINT OI_UID_FKNN NOT NULL REFERENCES USER_INFO(U_ID),
	O_ADDR VARCHAR2(1000) CONSTRAINT OI_ADDR_NN NOT NULL,
	O_DATE DATE DEFAULT SYSDATE,
	P_CODE NUMBER(1) CONSTRAINT OI_PCODE_FKNN NOT NULL REFERENCES PAY_CODE(P_CODE),
	T_CODE NUMBER(1) CONSTRAINT OI_TCODE_FKNN NOT NULL REFERENCES TYPE_CODE(T_CODE),
	S_CODE NUMBER(1) CONSTRAINT OI_SCODE_FKNN NOT NULL REFERENCES STAT_CODE(S_CODE),
	O_TPRICE NUMBER CONSTRAINT OI_TPRICE_NN NOT NULL,
	O_REQ VARCHAR2(1000)
);

CREATE TABLE ORDER_MENU(
	O_NUM NUMBER CONSTRAINT OM_ONUM_FK REFERENCES ORDER_INFO(O_NUM),
	M_ID NUMBER CONSTRAINT OM_MID_FK REFERENCES MENU_INFO(M_ID),
	M_NUM NUMBER CONSTRAINT OM_MNUM_NN NOT NULL,
	A_ID NUMBER CONSTRAINT OM_AID_FK REFERENCES MENU_ADD(A_ID),
	A_NUM NUMBER,
	M_TPRICE NUMBER CONSTRAINT OM_TPRICE_NN NOT NULL,
	CONSTRAINT OM_ONUM_MID_PK PRIMARY KEY(O_NUM, M_ID)
);



-- 리뷰 테이블
CREATE TABLE REVIEW_INFO(
	O_NUM NUMBER CONSTRAINT RV_ONUM_FKNN REFERENCES ORDER_INFO(O_NUM),
	R_CONTENT VARCHAR2(4000),
	R_SCORE NUMBER(2,1) CONSTRAINT RV_RSCORE_NN NOT NULL,
	R_WRIDATE DATE DEFAULT SYSDATE,
	CONSTRAINT RV_ONUM_PK PRIMARY KEY(O_NUM)
);

CREATE TABLE REVIEW_IMG(
    O_NUM NUMBER CONSTRAINT RI_ONUM_FKNN REFERENCES ORDER_INFO(O_NUM),
    R_IMG VARCHAR2(1000) CONSTRAINT REI_RIMG_NN NOT NULL
);



/* ---------------------------- 시퀀스 생성 ------------------------------ */
-- 가게 아이디 시퀀스 & 트리거
CREATE SEQUENCE RI_RID_SEQ NOCACHE;

CREATE OR REPLACE TRIGGER RI_RID_SEQ
BEFORE INSERT
ON REST_INFO
REFERENCING NEW AS NEW
FOR EACH ROW
BEGIN
	SELECT RI_RID_SEQ.NEXTVAL INTO :NEW.R_ID FROM DUAL;
END;
--/

-- 메뉴 아이디 시퀀스 & 트리거
CREATE SEQUENCE MI_MID_SEQ NOCACHE;

CREATE OR REPLACE TRIGGER MI_MID_SEQ
BEFORE INSERT
ON MENU_INFO
REFERENCING NEW AS NEW
FOR EACH ROW
BEGIN
	SELECT MI_MID_SEQ.NEXTVAL INTO :NEW.M_ID FROM DUAL;
END;
--/

-- 메뉴 추가사항 시퀀스 & 트리거
CREATE SEQUENCE MA_AID_SEQ NOCACHE;

CREATE OR REPLACE TRIGGER MA_AID_SEQ
BEFORE INSERT
ON MENU_ADD
REFERENCING NEW AS NEW
FOR EACH ROW
BEGIN
	SELECT MA_AID_SEQ.NEXTVAL INTO :NEW.A_ID FROM DUAL;
END;
--/

-- 주문번호 시퀀스 & 트리거
CREATE SEQUENCE OI_ONUM_SEQ NOCACHE;

CREATE OR REPLACE TRIGGER OI_ONUM_SEQ
BEFORE INSERT
ON ORDER_INFO
REFERENCING NEW AS NEW
FOR EACH ROW
BEGIN
	SELECT OI_ONUM_SEQ.NEXTVAL INTO :NEW.O_NUM FROM DUAL;
END;
--/



/* ---------------------------- 데이터 입력 ------------------------------ */
-- 회원 코드
INSERT INTO USER_CODE VALUES(0, '관리자');
INSERT INTO USER_CODE VALUES(1, '일반');
INSERT INTO USER_CODE VALUES(2, '사업자');

-- 카테고리 코드
INSERT INTO CAT_CODE VALUES(0, '전체');
INSERT INTO CAT_CODE VALUES(1, '치킨');
INSERT INTO CAT_CODE VALUES(2, '피자');
INSERT INTO CAT_CODE VALUES(3, '한식');
INSERT INTO CAT_CODE VALUES(4, '고기/족발');
INSERT INTO CAT_CODE VALUES(5, '회');
INSERT INTO CAT_CODE VALUES(6, '중식');
INSERT INTO CAT_CODE VALUES(7, '일식/돈까스');
INSERT INTO CAT_CODE VALUES(8, '아시안');
INSERT INTO CAT_CODE VALUES(9, '양식');
INSERT INTO CAT_CODE VALUES(10, '도시락');
INSERT INTO CAT_CODE VALUES(11, '분식');
INSERT INTO CAT_CODE VALUES(12, '패스트푸드');
INSERT INTO CAT_CODE VALUES(13, '카페/디저트');
INSERT INTO CAT_CODE VALUES(20, '포장');
INSERT INTO CAT_CODE VALUES(21, '신속배달');
INSERT INTO CAT_CODE VALUES(22, '프렌차이즈');
INSERT INTO CAT_CODE VALUES(23, '1인분');
INSERT INTO CAT_CODE VALUES(24, '야식');

-- 지불방식 코드
INSERT INTO PAY_CODE VALUES(0, '현금');
INSERT INTO PAY_CODE VALUES(1, '카드');
INSERT INTO PAY_CODE VALUES(2, '네이버페이');
INSERT INTO PAY_CODE VALUES(3, '카카오페이');
INSERT INTO PAY_CODE VALUES(4, '삼성페이');
INSERT INTO PAY_CODE VALUES(5, '애플페이');

-- 프렌차이즈 코드
INSERT INTO FRAN_CODE VALUES(0, '없음');

-- 요일 코드
INSERT INTO WEEK_CODE VALUES(0, '일');
INSERT INTO WEEK_CODE VALUES(1, '월');
INSERT INTO WEEK_CODE VALUES(2, '화');
INSERT INTO WEEK_CODE VALUES(3, '수');
INSERT INTO WEEK_CODE VALUES(4, '목');
INSERT INTO WEEK_CODE VALUES(5, '금');
INSERT INTO WEEK_CODE VALUES(6, '토');

-- 메뉴 코드
INSERT INTO MENU_CODE VALUES(0, '일반메뉴');
INSERT INTO MENU_CODE VALUES(1, '추천메뉴');
INSERT INTO MENU_CODE VALUES(2, '신메뉴');

-- 주문상태 코드
INSERT INTO STAT_CODE VALUES(0, '접수취소');
INSERT INTO STAT_CODE VALUES(1, '주문접수');
INSERT INTO STAT_CODE VALUES(2, '조리중');
INSERT INTO STAT_CODE VALUES(3, '배달중');
INSERT INTO STAT_CODE VALUES(4, '배달완료');

-- 주문형태 코드
INSERT INTO TYPE_CODE VALUES(0, '포장');
INSERT INTO TYPE_CODE VALUES(1, '배달');
INSERT INTO TYPE_CODE VALUES(2, '신속배달');



INSERT INTO USER_INFO(U_ID, U_PW, U_RNAME, U_PHONE,U_NNAME,U_CODE, U_IMG) VALUES('test1', '1234', '테스트1', '01011111111', 'u1', 1, 'u1.png');
INSERT INTO USER_INFO(U_ID, U_PW, U_RNAME, U_PHONE,U_NNAME,U_CODE, U_IMG) VALUES('test2', '1234', '테스트2', '01022222222', 'u2', 1, 'u2.png');
INSERT INTO USER_INFO(U_ID, U_PW, U_RNAME, U_PHONE,U_NNAME,U_CODE, U_IMG) VALUES('test3', '1234', '테스트3', '01033333333', 'u3', 1, 'u3.png');
INSERT INTO USER_INFO(U_ID, U_PW, U_RNAME, U_PHONE,U_NNAME,U_CODE, U_IMG) VALUES('test4', '1234', '테스트4', '01044444444', 'u4', 1, 'u4.png');
INSERT INTO USER_INFO(U_ID, U_PW, U_RNAME, U_PHONE,U_NNAME,U_CODE, U_IMG) VALUES('test5', '1234', '테스트5', '01055555555', 'u5', 1, 'u5.png');
INSERT INTO USER_INFO(U_ID, U_PW, U_RNAME, U_PHONE,U_NNAME,U_CODE, U_IMG) VALUES('test6', '1234', '테스트6', '01066666666', 'u6', 1, 'u6.png');
INSERT INTO USER_INFO(U_ID, U_PW, U_RNAME, U_PHONE,U_NNAME,U_CODE, U_IMG) VALUES('test7', '1234', '테스트7', '01077777777', 'u7', 1, 'u7.png');
INSERT INTO USER_INFO(U_ID, U_PW, U_RNAME, U_PHONE,U_NNAME,U_CODE, U_IMG) VALUES('test8', '1234', '테스트8', '01088888888', 'u8', 1, 'u8.png');
INSERT INTO USER_INFO(U_ID, U_PW, U_RNAME, U_PHONE,U_NNAME,U_CODE, U_IMG) VALUES('test9', '1234', '테스트9', '01099999999', 'u9', 1, 'u9.png');
INSERT INTO USER_INFO(U_ID, U_PW, U_RNAME, U_PHONE,U_NNAME,U_CODE, U_IMG) VALUES('test10', '1234', '테스트10', '01010101010', 'u10', 1, 'u10.png');

INSERT INTO USER_INFO(U_ID, U_PW, U_RNAME, U_PHONE,U_NNAME,U_CODE, U_IMG) VALUES('bs1', '1234', '사업자1', '01012121212', 'b1', 2, 'b1.png');
INSERT INTO USER_INFO(U_ID, U_PW, U_RNAME, U_PHONE,U_NNAME,U_CODE, U_IMG) VALUES('bs2', '1234', '사업자2', '01023232323', 'b2', 2, 'b2.png');
INSERT INTO USER_INFO(U_ID, U_PW, U_RNAME, U_PHONE,U_NNAME,U_CODE, U_IMG) VALUES('bs3', '1234', '사업자3', '01034343434', 'b3', 2, 'b3.png');
INSERT INTO USER_INFO(U_ID, U_PW, U_RNAME, U_PHONE,U_NNAME,U_CODE, U_IMG) VALUES('bs4', '1234', '사업자4', '01045454545', 'b4', 2, 'b4.png');
INSERT INTO USER_INFO(U_ID, U_PW, U_RNAME, U_PHONE,U_NNAME,U_CODE, U_IMG) VALUES('bs5', '1234', '사업자5', '01056565656', 'b5', 2, 'b5.png');
INSERT INTO USER_INFO(U_ID, U_PW, U_RNAME, U_PHONE,U_NNAME,U_CODE, U_IMG) VALUES('bs6', '1234', '사업자6', '01067676767', 'b6', 2, 'b6.png');
INSERT INTO USER_INFO(U_ID, U_PW, U_RNAME, U_PHONE,U_NNAME,U_CODE, U_IMG) VALUES('bs7', '1234', '사업자7', '01078787878', 'b7', 2, 'b7.png');
INSERT INTO USER_INFO(U_ID, U_PW, U_RNAME, U_PHONE,U_NNAME,U_CODE, U_IMG) VALUES('bs8', '1234', '사업자8', '01089898989', 'b8', 2, 'b8.png');
INSERT INTO USER_INFO(U_ID, U_PW, U_RNAME, U_PHONE,U_NNAME,U_CODE, U_IMG) VALUES('bs9', '1234', '사업자9', '01090909090', 'b9', 2, 'b9.png');
INSERT INTO USER_INFO(U_ID, U_PW, U_RNAME, U_PHONE,U_NNAME,U_CODE, U_IMG) VALUES('bs10', '1234', '사업자10', '01001010101', 'b10', 2, 'b10.png');

INSERT INTO USER_ADDR VALUES('test1', '우리집', '부산광역시 부산진구', '부전동 215-1');
INSERT INTO USER_ADDR VALUES('test1', '회사', '부산광역시 부산진구', '부전동 215-2');
INSERT INTO USER_ADDR VALUES('test2', '우리집', '부산광역시 부산진구', '부전동 215-3');
INSERT INTO USER_ADDR VALUES('test3', '우리집', '부산광역시 부산진구', '부전동 215-4');
INSERT INTO USER_ADDR VALUES('test4', '우리집', '부산광역시 부산진구', '부전동 215-5');
INSERT INTO USER_ADDR VALUES('test5', '우리집', '부산광역시 부산진구', '부전동 215-6');
INSERT INTO USER_ADDR VALUES('test6', '우리집', '부산광역시 부산진구', '부전동 215-7');
INSERT INTO USER_ADDR VALUES('test7', '우리집', '부산광역시 부산진구', '부전동 215-8');
INSERT INTO USER_ADDR VALUES('test8', '우리집', '부산광역시 부산진구', '부전동 215-9');
INSERT INTO USER_ADDR VALUES('test9', '우리집', '부산광역시 부산진구', '부전동 215-10');
INSERT INTO USER_ADDR VALUES('test10', '우리집', '부산광역시 부산진구', '부전동 215-11');

INSERT INTO FRAN_CODE VALUES(1, '한솥');
INSERT INTO FRAN_CODE VALUES(2, '놀부부대찌개');
INSERT INTO FRAN_CODE VALUES(3, '본도시락');
INSERT INTO FRAN_CODE VALUES(4, '원할머니');
INSERT INTO FRAN_CODE VALUES(5, '채선당');
INSERT INTO FRAN_CODE VALUES(6, '조마루감자탕');
INSERT INTO FRAN_CODE VALUES(7, '육대장');
INSERT INTO FRAN_CODE VALUES(8, '유가네닭갈비');
INSERT INTO FRAN_CODE VALUES(9, '두찜');
INSERT INTO FRAN_CODE VALUES(10, '명륜진사갈비');

INSERT INTO REST_INFO(R_LICNUM, U_ID, R_LNAME, R_ADDR, R_DTAD, R_BNAME, R_TEL, F_CODE, R_INTRO, R_MINPRICE, R_IMG) VALUES('1000000001', 'bs1', '한솥 본점', '부산광역시 부산진구', '부전동 111-1', '한솥', '0701111111', 1, 'asdf', 15000, 'r1.PNG');
INSERT INTO REST_INFO(R_LICNUM, U_ID, R_LNAME, R_ADDR, R_DTAD, R_BNAME, R_TEL, F_CODE, R_INTRO, R_MINPRICE, R_IMG) VALUES('1000000002', 'bs2', '놀부부대찌개 본점', '부산광역시 부산진구', ' 부전동 111-2', '놀부부대찌개', '0702222222', 2, 'asdf', 15000, 'r2.PNG');
INSERT INTO REST_INFO(R_LICNUM, U_ID, R_LNAME, R_ADDR, R_DTAD, R_BNAME, R_TEL, F_CODE, R_INTRO, R_MINPRICE, R_IMG) VALUES('1000000003', 'bs3', '본도시락 본점', '부산광역시 부산진구', ' 부전동 111-3', '본도시락', '0703333333', 3, 'asdf', 15000, 'r3.PNG');
INSERT INTO REST_INFO(R_LICNUM, U_ID, R_LNAME, R_ADDR, R_DTAD, R_BNAME, R_TEL, F_CODE, R_INTRO, R_MINPRICE, R_IMG) VALUES('1000000004', 'bs4', '원할머니 본점', '부산광역시 부산진구', ' 부전동 111-4', '원할머니', '0704444444', 4, 'asdf', 15000, 'r4.PNG');
INSERT INTO REST_INFO(R_LICNUM, U_ID, R_LNAME, R_ADDR, R_DTAD, R_BNAME, R_TEL, F_CODE, R_INTRO, R_MINPRICE, R_IMG) VALUES('1000000005', 'bs5', '채선당 본점', '부산광역시 부산진구', ' 부전동 111-5', '채선당', '0705555555', 5, 'asdf', 15000, 'r5.PNG');
INSERT INTO REST_INFO(R_LICNUM, U_ID, R_LNAME, R_ADDR, R_DTAD, R_BNAME, R_TEL, F_CODE, R_INTRO, R_MINPRICE, R_IMG) VALUES('1000000006', 'bs6', '조마루감자탕 본점', '부산광역시 부산진구', ' 부전동 111-6', '조마루감자탕', '0706666666', 6, 'asdf', 15000, 'r6.PNG');
INSERT INTO REST_INFO(R_LICNUM, U_ID, R_LNAME, R_ADDR, R_DTAD, R_BNAME, R_TEL, F_CODE, R_INTRO, R_MINPRICE, R_IMG) VALUES('1000000007', 'bs7', '육대장 본점', '부산광역시 부산진구', ' 부전동 111-7', '육대장', '0707777777', 7, 'asdf', 15000, 'r7.PNG');
INSERT INTO REST_INFO(R_LICNUM, U_ID, R_LNAME, R_ADDR, R_DTAD, R_BNAME, R_TEL, F_CODE, R_INTRO, R_MINPRICE, R_IMG) VALUES('1000000008', 'bs8', '유가네닭갈비 본점', '부산광역시 부산진구', ' 부전동 111-8', '유가네닭갈비', '0708888888', 8, 'asdf', 15000, 'r8.PNG');
INSERT INTO REST_INFO(R_LICNUM, U_ID, R_LNAME, R_ADDR, R_DTAD, R_BNAME, R_TEL, F_CODE, R_INTRO, R_MINPRICE, R_IMG) VALUES('1000000009', 'bs9', '두찜 본점', '부산광역시 부산진구', ' 부전동 111-9', '두찜', '0709999999', 9, 'asdf', 15000, 'r1.PNG');
INSERT INTO REST_INFO(R_LICNUM, U_ID, R_LNAME, R_ADDR, R_DTAD, R_BNAME, R_TEL, F_CODE, R_INTRO, R_MINPRICE, R_IMG) VALUES('1000000010', 'bs10', '명륜진사갈비 본점', '부산광역시 부산진구', ' 부전동 111-10', '명륜진사갈비', '0701010101', 10, 'asdf', 15000, 'r10.PNG');

Insert into REST_CAT (R_ID,C_CODE) values (1,22);
Insert into REST_CAT (R_ID,C_CODE) values (3,22);
Insert into REST_CAT (R_ID,C_CODE) values (4,22);
Insert into REST_CAT (R_ID,C_CODE) values (5,22);
Insert into REST_CAT (R_ID,C_CODE) values (6,22);
Insert into REST_CAT (R_ID,C_CODE) values (7,22);
Insert into REST_CAT (R_ID,C_CODE) values (8,22);
Insert into REST_CAT (R_ID,C_CODE) values (9,22);
Insert into REST_CAT (R_ID,C_CODE) values (10,22);
Insert into REST_CAT (R_ID,C_CODE) values (1,10);
Insert into REST_CAT (R_ID,C_CODE) values (3,3);
Insert into REST_CAT (R_ID,C_CODE) values (4,10);
Insert into REST_CAT (R_ID,C_CODE) values (5,4);
Insert into REST_CAT (R_ID,C_CODE) values (6,3);
Insert into REST_CAT (R_ID,C_CODE) values (7,3);
Insert into REST_CAT (R_ID,C_CODE) values (8,3);
Insert into REST_CAT (R_ID,C_CODE) values (9,4);
Insert into REST_CAT (R_ID,C_CODE) values (10,4);

INSERT INTO REST_OPEN (R_ID, W_CODE, R_OPENT, R_CLOSET) VALUES (1,0,to_date('09:00', 'HH24:MI'),to_date('22:00', 'HH24:MI'));
INSERT INTO REST_OPEN (R_ID, W_CODE, R_OPENT, R_CLOSET) VALUES (1,1,to_date('09:00', 'HH24:MI'),to_date('22:00', 'HH24:MI'));
INSERT INTO REST_OPEN (R_ID, W_CODE, R_OPENT, R_CLOSET) VALUES (1,2,to_date('09:00', 'HH24:MI'),to_date('22:00', 'HH24:MI'));
INSERT INTO REST_OPEN (R_ID, W_CODE, R_OPENT, R_CLOSET) VALUES (1,3,to_date('09:00', 'HH24:MI'),to_date('22:00', 'HH24:MI'));
INSERT INTO REST_OPEN (R_ID, W_CODE, R_OPENT, R_CLOSET) VALUES (1,4,to_date('09:00', 'HH24:MI'),to_date('22:00', 'HH24:MI'));
INSERT INTO REST_OPEN (R_ID, W_CODE, R_OPENT, R_CLOSET) VALUES (1,5,to_date('09:00', 'HH24:MI'),to_date('22:00', 'HH24:MI'));
INSERT INTO REST_OPEN (R_ID, W_CODE, R_OPENT, R_CLOSET) VALUES (1,6,to_date('09:00', 'HH24:MI'),to_date('22:00', 'HH24:MI'));
INSERT INTO REST_OPEN (R_ID, W_CODE, R_OPENT, R_CLOSET) VALUES (3,0,to_date('09:00', 'HH24:MI'),to_date('22:00', 'HH24:MI'));
INSERT INTO REST_OPEN (R_ID, W_CODE, R_OPENT, R_CLOSET) VALUES (3,1,to_date('09:00', 'HH24:MI'),to_date('22:00', 'HH24:MI'));
INSERT INTO REST_OPEN (R_ID, W_CODE, R_OPENT, R_CLOSET) VALUES (3,2,to_date('09:00', 'HH24:MI'),to_date('22:00', 'HH24:MI'));
INSERT INTO REST_OPEN (R_ID, W_CODE, R_OPENT, R_CLOSET) VALUES (3,3,to_date('09:00', 'HH24:MI'),to_date('22:00', 'HH24:MI'));
INSERT INTO REST_OPEN (R_ID, W_CODE, R_OPENT, R_CLOSET) VALUES (3,4,to_date('09:00', 'HH24:MI'),to_date('22:00', 'HH24:MI'));
INSERT INTO REST_OPEN (R_ID, W_CODE, R_OPENT, R_CLOSET) VALUES (3,5,to_date('09:00', 'HH24:MI'),to_date('22:00', 'HH24:MI'));
INSERT INTO REST_OPEN (R_ID, W_CODE, R_OPENT, R_CLOSET) VALUES (3,6,to_date('09:00', 'HH24:MI'),to_date('22:00', 'HH24:MI'));
INSERT INTO REST_OPEN (R_ID, W_CODE, R_OPENT, R_CLOSET) VALUES (4,0,to_date('09:00', 'HH24:MI'),to_date('22:00', 'HH24:MI'));
INSERT INTO REST_OPEN (R_ID, W_CODE, R_OPENT, R_CLOSET) VALUES (4,1,to_date('09:00', 'HH24:MI'),to_date('22:00', 'HH24:MI'));
INSERT INTO REST_OPEN (R_ID, W_CODE, R_OPENT, R_CLOSET) VALUES (4,2,to_date('09:00', 'HH24:MI'),to_date('22:00', 'HH24:MI'));
INSERT INTO REST_OPEN (R_ID, W_CODE, R_OPENT, R_CLOSET) VALUES (4,3,to_date('09:00', 'HH24:MI'),to_date('22:00', 'HH24:MI'));
INSERT INTO REST_OPEN (R_ID, W_CODE, R_OPENT, R_CLOSET) VALUES (4,4,to_date('09:00', 'HH24:MI'),to_date('22:00', 'HH24:MI'));
INSERT INTO REST_OPEN (R_ID, W_CODE, R_OPENT, R_CLOSET) VALUES (4,5,to_date('09:00', 'HH24:MI'),to_date('22:00', 'HH24:MI'));
INSERT INTO REST_OPEN (R_ID, W_CODE, R_OPENT, R_CLOSET) VALUES (4,6,to_date('09:00', 'HH24:MI'),to_date('22:00', 'HH24:MI'));
INSERT INTO REST_OPEN (R_ID, W_CODE, R_OPENT, R_CLOSET) VALUES (5,0,to_date('09:00', 'HH24:MI'),to_date('22:00', 'HH24:MI'));
INSERT INTO REST_OPEN (R_ID, W_CODE, R_OPENT, R_CLOSET) VALUES (5,1,to_date('09:00', 'HH24:MI'),to_date('22:00', 'HH24:MI'));
INSERT INTO REST_OPEN (R_ID, W_CODE, R_OPENT, R_CLOSET) VALUES (5,2,to_date('09:00', 'HH24:MI'),to_date('22:00', 'HH24:MI'));
INSERT INTO REST_OPEN (R_ID, W_CODE, R_OPENT, R_CLOSET) VALUES (5,3,to_date('09:00', 'HH24:MI'),to_date('22:00', 'HH24:MI'));
INSERT INTO REST_OPEN (R_ID, W_CODE, R_OPENT, R_CLOSET) VALUES (5,4,to_date('09:00', 'HH24:MI'),to_date('22:00', 'HH24:MI'));
INSERT INTO REST_OPEN (R_ID, W_CODE, R_OPENT, R_CLOSET) VALUES (5,5,to_date('09:00', 'HH24:MI'),to_date('22:00', 'HH24:MI'));
INSERT INTO REST_OPEN (R_ID, W_CODE, R_OPENT, R_CLOSET) VALUES (5,6,to_date('09:00', 'HH24:MI'),to_date('22:00', 'HH24:MI'));
INSERT INTO REST_OPEN (R_ID, W_CODE, R_OPENT, R_CLOSET) VALUES (6,0,to_date('09:00', 'HH24:MI'),to_date('22:00', 'HH24:MI'));
INSERT INTO REST_OPEN (R_ID, W_CODE, R_OPENT, R_CLOSET) VALUES (6,1,to_date('09:00', 'HH24:MI'),to_date('22:00', 'HH24:MI'));
INSERT INTO REST_OPEN (R_ID, W_CODE, R_OPENT, R_CLOSET) VALUES (6,2,to_date('09:00', 'HH24:MI'),to_date('22:00', 'HH24:MI'));
INSERT INTO REST_OPEN (R_ID, W_CODE, R_OPENT, R_CLOSET) VALUES (6,3,to_date('09:00', 'HH24:MI'),to_date('22:00', 'HH24:MI'));
INSERT INTO REST_OPEN (R_ID, W_CODE, R_OPENT, R_CLOSET) VALUES (6,4,to_date('09:00', 'HH24:MI'),to_date('22:00', 'HH24:MI'));
INSERT INTO REST_OPEN (R_ID, W_CODE, R_OPENT, R_CLOSET) VALUES (6,5,to_date('09:00', 'HH24:MI'),to_date('22:00', 'HH24:MI'));
INSERT INTO REST_OPEN (R_ID, W_CODE, R_OPENT, R_CLOSET) VALUES (6,6,to_date('09:00', 'HH24:MI'),to_date('22:00', 'HH24:MI'));
INSERT INTO REST_OPEN (R_ID, W_CODE, R_OPENT, R_CLOSET) VALUES (7,0,to_date('09:00', 'HH24:MI'),to_date('22:00', 'HH24:MI'));
INSERT INTO REST_OPEN (R_ID, W_CODE, R_OPENT, R_CLOSET) VALUES (7,1,to_date('09:00', 'HH24:MI'),to_date('22:00', 'HH24:MI'));
INSERT INTO REST_OPEN (R_ID, W_CODE, R_OPENT, R_CLOSET) VALUES (7,2,to_date('09:00', 'HH24:MI'),to_date('22:00', 'HH24:MI'));
INSERT INTO REST_OPEN (R_ID, W_CODE, R_OPENT, R_CLOSET) VALUES (7,3,to_date('09:00', 'HH24:MI'),to_date('22:00', 'HH24:MI'));
INSERT INTO REST_OPEN (R_ID, W_CODE, R_OPENT, R_CLOSET) VALUES (7,4,to_date('09:00', 'HH24:MI'),to_date('22:00', 'HH24:MI'));
INSERT INTO REST_OPEN (R_ID, W_CODE, R_OPENT, R_CLOSET) VALUES (7,5,to_date('09:00', 'HH24:MI'),to_date('22:00', 'HH24:MI'));
INSERT INTO REST_OPEN (R_ID, W_CODE, R_OPENT, R_CLOSET) VALUES (7,6,to_date('09:00', 'HH24:MI'),to_date('22:00', 'HH24:MI'));
INSERT INTO REST_OPEN (R_ID, W_CODE, R_OPENT, R_CLOSET) VALUES (8,0,to_date('09:00', 'HH24:MI'),to_date('22:00', 'HH24:MI'));
INSERT INTO REST_OPEN (R_ID, W_CODE, R_OPENT, R_CLOSET) VALUES (8,1,to_date('09:00', 'HH24:MI'),to_date('22:00', 'HH24:MI'));
INSERT INTO REST_OPEN (R_ID, W_CODE, R_OPENT, R_CLOSET) VALUES (8,2,to_date('09:00', 'HH24:MI'),to_date('22:00', 'HH24:MI'));
INSERT INTO REST_OPEN (R_ID, W_CODE, R_OPENT, R_CLOSET) VALUES (8,3,to_date('09:00', 'HH24:MI'),to_date('22:00', 'HH24:MI'));
INSERT INTO REST_OPEN (R_ID, W_CODE, R_OPENT, R_CLOSET) VALUES (8,4,to_date('09:00', 'HH24:MI'),to_date('22:00', 'HH24:MI'));
INSERT INTO REST_OPEN (R_ID, W_CODE, R_OPENT, R_CLOSET) VALUES (8,5,to_date('09:00', 'HH24:MI'),to_date('22:00', 'HH24:MI'));
INSERT INTO REST_OPEN (R_ID, W_CODE, R_OPENT, R_CLOSET) VALUES (8,6,to_date('09:00', 'HH24:MI'),to_date('22:00', 'HH24:MI'));
INSERT INTO REST_OPEN (R_ID, W_CODE, R_OPENT, R_CLOSET) VALUES (9,0,to_date('09:00', 'HH24:MI'),to_date('22:00', 'HH24:MI'));
INSERT INTO REST_OPEN (R_ID, W_CODE, R_OPENT, R_CLOSET) VALUES (9,1,to_date('09:00', 'HH24:MI'),to_date('22:00', 'HH24:MI'));
INSERT INTO REST_OPEN (R_ID, W_CODE, R_OPENT, R_CLOSET) VALUES (9,2,to_date('09:00', 'HH24:MI'),to_date('22:00', 'HH24:MI'));
INSERT INTO REST_OPEN (R_ID, W_CODE, R_OPENT, R_CLOSET) VALUES (9,3,to_date('09:00', 'HH24:MI'),to_date('22:00', 'HH24:MI'));
INSERT INTO REST_OPEN (R_ID, W_CODE, R_OPENT, R_CLOSET) VALUES (9,4,to_date('09:00', 'HH24:MI'),to_date('22:00', 'HH24:MI'));
INSERT INTO REST_OPEN (R_ID, W_CODE, R_OPENT, R_CLOSET) VALUES (9,5,to_date('09:00', 'HH24:MI'),to_date('22:00', 'HH24:MI'));
INSERT INTO REST_OPEN (R_ID, W_CODE, R_OPENT, R_CLOSET) VALUES (9,6,to_date('09:00', 'HH24:MI'),to_date('22:00', 'HH24:MI'));
INSERT INTO REST_OPEN (R_ID, W_CODE, R_OPENT, R_CLOSET) VALUES (10,0,to_date('09:00', 'HH24:MI'),to_date('22:00', 'HH24:MI'));
INSERT INTO REST_OPEN (R_ID, W_CODE, R_OPENT, R_CLOSET) VALUES (10,1,to_date('09:00', 'HH24:MI'),to_date('22:00', 'HH24:MI'));
INSERT INTO REST_OPEN (R_ID, W_CODE, R_OPENT, R_CLOSET) VALUES (10,2,to_date('09:00', 'HH24:MI'),to_date('22:00', 'HH24:MI'));
INSERT INTO REST_OPEN (R_ID, W_CODE, R_OPENT, R_CLOSET) VALUES (10,3,to_date('09:00', 'HH24:MI'),to_date('22:00', 'HH24:MI'));
INSERT INTO REST_OPEN (R_ID, W_CODE, R_OPENT, R_CLOSET) VALUES (10,4,to_date('09:00', 'HH24:MI'),to_date('22:00', 'HH24:MI'));
INSERT INTO REST_OPEN (R_ID, W_CODE, R_OPENT, R_CLOSET) VALUES (10,5,to_date('09:00', 'HH24:MI'),to_date('22:00', 'HH24:MI'));
INSERT INTO REST_OPEN (R_ID, W_CODE, R_OPENT, R_CLOSET) VALUES (10,6,to_date('09:00', 'HH24:MI'),to_date('22:00', 'HH24:MI'));

INSERT INTO USER_FAV VALUES('test1', 1);
INSERT INTO USER_FAV VALUES('test1', 3);
INSERT INTO USER_FAV VALUES('test1', 4);
INSERT INTO USER_FAV VALUES('test1', 5);
INSERT INTO USER_FAV VALUES('test1', 6);
INSERT INTO USER_FAV VALUES('test2', 7);
INSERT INTO USER_FAV VALUES('test2', 8);
INSERT INTO USER_FAV VALUES('test2', 9);
INSERT INTO USER_FAV VALUES('test2', 10);

INSERT INTO PAY_METHOD VALUES(0 , 1);
INSERT INTO PAY_METHOD VALUES(1 , 1);
INSERT INTO PAY_METHOD VALUES(2 , 1);
INSERT INTO PAY_METHOD VALUES(3 , 1);
INSERT INTO PAY_METHOD VALUES(4 , 1);
INSERT INTO PAY_METHOD VALUES(5 , 1);
INSERT INTO PAY_METHOD VALUES(0 , 3);
INSERT INTO PAY_METHOD VALUES(1 , 3);
INSERT INTO PAY_METHOD VALUES(2 , 3);
INSERT INTO PAY_METHOD VALUES(3 , 3);
INSERT INTO PAY_METHOD VALUES(4 , 3);
INSERT INTO PAY_METHOD VALUES(5 , 3);

INSERT INTO MENU_INFO(R_ID, M_NAME, M_PRICE, M_INTRO, M_CODE, M_IMG) VALUES(1,'a',1000,'a메뉴소개',0,'m1.png');
INSERT INTO MENU_INFO(R_ID, M_NAME, M_PRICE, M_INTRO, M_CODE, M_IMG) VALUES(1,'b',2000,'b메뉴소개',1,'m2.png');
INSERT INTO MENU_INFO(R_ID, M_NAME, M_PRICE, M_INTRO, M_CODE, M_IMG) VALUES(1,'c',3000,'c메뉴소개',2,'m3.png');
INSERT INTO MENU_INFO(R_ID, M_NAME, M_PRICE, M_INTRO, M_CODE, M_IMG) VALUES(3,'a',4000,'a메뉴소개',0,'m4.png');
INSERT INTO MENU_INFO(R_ID, M_NAME, M_PRICE, M_INTRO, M_CODE, M_IMG) VALUES(3,'b',5000,'b메뉴소개',1,'m5.png');
INSERT INTO MENU_INFO(R_ID, M_NAME, M_PRICE, M_INTRO, M_CODE, M_IMG) VALUES(4,'c',6000,'c메뉴소개',2,'m6.png');
INSERT INTO MENU_INFO(R_ID, M_NAME, M_PRICE, M_INTRO, M_CODE, M_IMG) VALUES(4,'a',7000,'a메뉴소개',0,'m7.png');
INSERT INTO MENU_INFO(R_ID, M_NAME, M_PRICE, M_INTRO, M_CODE, M_IMG) VALUES(4,'b',8000,'b메뉴소개',1,'m8.png');
INSERT INTO MENU_INFO(R_ID, M_NAME, M_PRICE, M_INTRO, M_CODE, M_IMG) VALUES(4,'c',9000,'c메뉴소개',2,'m9.png');
INSERT INTO MENU_INFO(R_ID, M_NAME, M_PRICE, M_INTRO, M_CODE, M_IMG) VALUES(5,'a',10000,'a메뉴소개',0,'m10.png');

INSERT INTO MENU_ADD(M_ID, A_NAME, A_PRICE) VALUES(1,'감자튀김추가',1000);
INSERT INTO MENU_ADD(M_ID, A_NAME, A_PRICE) VALUES(1,'음료추가',2000);
INSERT INTO MENU_ADD(M_ID, A_NAME, A_PRICE) VALUES(1,'고기추가',3000);
INSERT INTO MENU_ADD(M_ID, A_NAME, A_PRICE) VALUES(2,'감자튀김추가',1000);
INSERT INTO MENU_ADD(M_ID, A_NAME, A_PRICE) VALUES(2,'음료추가',2000);
INSERT INTO MENU_ADD(M_ID, A_NAME, A_PRICE) VALUES(2,'고기추가',3000);
INSERT INTO MENU_ADD(M_ID, A_NAME, A_PRICE) VALUES(3,'감자튀김추가',1000);
INSERT INTO MENU_ADD(M_ID, A_NAME, A_PRICE) VALUES(3,'음료추가',2000);
INSERT INTO MENU_ADD(M_ID, A_NAME, A_PRICE) VALUES(3,'고기추가',3000);
INSERT INTO MENU_ADD(M_ID, A_NAME, A_PRICE) VALUES(4,'고기추가',3000);

INSERT INTO ORDER_INFO(R_ID, U_ID, O_ADDR, P_CODE, T_CODE, S_CODE, O_TPRICE, O_REQ) VALUES(1,'test1','부산광역시 부산진구 부전동 215-1',1, 1,1,8000,'집앞에두고가세요');
INSERT INTO ORDER_INFO(R_ID, U_ID, O_ADDR, P_CODE, T_CODE, S_CODE, O_TPRICE, O_REQ) VALUES(1,'test2','부산광역시 부산진구 부전동 215-2',1, 2,1,12000,'집앞에두고가세요');
INSERT INTO ORDER_INFO(R_ID, U_ID, O_ADDR, P_CODE, T_CODE, S_CODE, O_TPRICE, O_REQ) VALUES(3,'test1','부산광역시 부산진구 부전동 215-1',1, 0,1,8000,'집앞에두고가세요');
INSERT INTO ORDER_INFO(R_ID, U_ID, O_ADDR, P_CODE, T_CODE, S_CODE, O_TPRICE, O_REQ) VALUES(3,'test2','부산광역시 부산진구 부전동 215-2',1, 1,1,21000,'집앞에두고가세요');
INSERT INTO ORDER_INFO(R_ID, U_ID, O_ADDR, P_CODE, T_CODE, S_CODE, O_TPRICE, O_REQ) VALUES(4,'test1','부산광역시 부산진구 부전동 215-1',1, 2,1,22000,'집앞에두고가세요');
INSERT INTO ORDER_INFO(R_ID, U_ID, O_ADDR, P_CODE, T_CODE, S_CODE, O_TPRICE, O_REQ) VALUES(4,'test2','부산광역시 부산진구 부전동 215-2',1, 0,1,27000,'집앞에두고가세요');
INSERT INTO ORDER_INFO(R_ID, U_ID, O_ADDR, P_CODE, T_CODE, S_CODE, O_TPRICE, O_REQ) VALUES(5,'test1','부산광역시 부산진구 부전동 215-1',1, 1,1,10000,'집앞에두고가세요');
INSERT INTO ORDER_INFO(R_ID, U_ID, O_ADDR, P_CODE, T_CODE, S_CODE, O_TPRICE, O_REQ) VALUES(5,'test2','부산광역시 부산진구 부전동 215-2',1, 2,1,10000,'집앞에두고가세요');
INSERT INTO ORDER_INFO(R_ID, U_ID, O_ADDR, P_CODE, T_CODE, S_CODE, O_TPRICE, O_REQ) VALUES(6,'test1','부산광역시 부산진구 부전동 215-1',1, 0,1,10000,'집앞에두고가세요');
INSERT INTO ORDER_INFO(R_ID, U_ID, O_ADDR, P_CODE, T_CODE, S_CODE, O_TPRICE, O_REQ) VALUES(6,'test2','부산광역시 부산진구 부전동 215-2',1, 1,1,10000,'집앞에두고가세요');

INSERT INTO ORDER_MENU(O_NUM, M_ID, M_NUM, M_TPRICE) VALUES(1,1,2,2000);
INSERT INTO ORDER_MENU(O_NUM, M_ID, M_NUM, M_TPRICE) VALUES(1,2,3,6000);
INSERT INTO ORDER_MENU(O_NUM, M_ID, M_NUM, M_TPRICE) VALUES(1,3,4,12000);
INSERT INTO ORDER_MENU(O_NUM, M_ID, M_NUM, M_TPRICE) VALUES(3,4,2,8000);
INSERT INTO ORDER_MENU(O_NUM, M_ID, M_NUM, M_TPRICE) VALUES(3,5,3,15000);
INSERT INTO ORDER_MENU(O_NUM, M_ID, M_NUM, M_TPRICE) VALUES(3,6,1,6000);
INSERT INTO ORDER_MENU(O_NUM, M_ID, M_NUM, M_TPRICE) VALUES(4,7,2,14000);
INSERT INTO ORDER_MENU(O_NUM, M_ID, M_NUM, M_TPRICE) VALUES(4,8,1,8000);
INSERT INTO ORDER_MENU(O_NUM, M_ID, M_NUM, M_TPRICE) VALUES(4,9,3,27000);
INSERT INTO ORDER_MENU(O_NUM, M_ID, M_NUM, M_TPRICE) VALUES(5,10,1,10000);

INSERT INTO REVIEW_INFO(O_NUM, R_CONTENT, R_SCORE) VALUES(1,'맛있어요', 4.5);
INSERT INTO REVIEW_INFO(O_NUM, R_CONTENT, R_SCORE) VALUES(2,'좋아요', 5);
INSERT INTO REVIEW_INFO(O_NUM, R_CONTENT, R_SCORE) VALUES(3,'맛없어요', 1);
INSERT INTO REVIEW_INFO(O_NUM, R_CONTENT, R_SCORE) VALUES(4,'맛있어요', 4.5);
INSERT INTO REVIEW_INFO(O_NUM, R_CONTENT, R_SCORE) VALUES(5,'맛있어요', 4.5);
INSERT INTO REVIEW_INFO(O_NUM, R_CONTENT, R_SCORE) VALUES(6,'맛있어요', 4.5);
INSERT INTO REVIEW_INFO(O_NUM, R_CONTENT, R_SCORE) VALUES(7,'맛있어요', 4.5);
INSERT INTO REVIEW_INFO(O_NUM, R_CONTENT, R_SCORE) VALUES(8,'맛있어요', 4.5);
INSERT INTO REVIEW_INFO(O_NUM, R_CONTENT, R_SCORE) VALUES(9,'맛있어요', 4.5);
INSERT INTO REVIEW_INFO(O_NUM, R_CONTENT, R_SCORE) VALUES(10,'맛있어요', 4.5);

INSERT INTO REVIEW_IMG VALUES(1,'r1.png');
INSERT INTO REVIEW_IMG VALUES(1,'r2.png');
INSERT INTO REVIEW_IMG VALUES(1,'r3.png');
INSERT INTO REVIEW_IMG VALUES(2,'r4.png');
INSERT INTO REVIEW_IMG VALUES(2,'r5.png');
INSERT INTO REVIEW_IMG VALUES(2,'r6.png');
INSERT INTO REVIEW_IMG VALUES(3,'r7.png');
INSERT INTO REVIEW_IMG VALUES(3,'r8.png');
INSERT INTO REVIEW_IMG VALUES(3,'r9.png');
INSERT INTO REVIEW_IMG VALUES(3,'r10.png');